Data File Number,Time
0,3.71458101273
1,0.723724842072
2,1.34117102623
3,0.810621976852
4,9.00369715691
5,0.752079963684
6,1.06617999077
7,0.795731067657
8,0.800558805466
9,0.742162942886
10,0.812349081039
11,4.24861288071
12,2.81366991997
13,0.759356021881
14,1.0727648735
15,0.882884979248
16,0.896847009659
17,1.2900788784
18,0.824470996857
19,0.866605043411
20,0.735415935516
